Product Name,Price,Rating,Review Count,Url
Sony Marvel's Spider-Man G.O.T.Y Ps4,"1,320",4.6 out of 5 stars,PEGI Rating: Ages 16 and Over
PS4 Marvel's Spider-Man: Miles Morales (PS4),"2,999",4.4 out of 5 stars,PEGI Rating: Ages 16 and Over
Marvel's Spider Man (PS4),"1,449",4.6 out of 5 stars,PEGI Rating: Ages 16 and Over
Marvel’s Spider-Man - Playstation 4 (PS4),"1,395",4.7 out of 5 stars,"1,482"
Spider-Man - PlayStation 4,"1,389",4.7 out of 5 stars,"8,869"
Marvel's Spider Man (PS4) - Game of the Year Edition (PS4) & PS4 God of War (PS4),"2,580",4.7 out of 5 stars,19
Assassin's Creed Origins (PS4)&Marvel's Spider Man (PS4) - Game of the Year Edition (PS4),"2,600",5.0 out of 5 stars,1
Marvel's Spider Man (PS4) - Game of the Year Edition (PS4) + Grand Theft Auto V – Premium,"2,665",-,-
Marvel's Spider Man (PS4) - Game of the Year Edition (PS4)&Marvel Avengers (PS4),"3,110",5.0 out of 5 stars,1
Marvel's Spider Man (PS4) - Game of the Year Edition (PS4) & Red Dead Redemption - 2 (PS4),"3,734",4.9 out of 5 stars,16
Marvel's Spider Man (PS4) - Game of the Year Edition (PS4) + FIFA 20 (PS4),"2,778",-,-
Marvel's Spider Man (PS4) - Game of the Year Edition (PS4) & Horizon: Zero Dawn - Complete Edition (PS4),"2,159",4.8 out of 5 stars,6
Marvel's Spider Man (PS4) - Game of the Year Edition (PS4)&Grand Theft Auto V - Premium Edition (PS4),"2,709",4.7 out of 5 stars,3
Marvel's Spider Man (PS4) - Game of the Year Edition (PS4) & Call of Duty: Infinite Warfare (PS4),"2,125",4.2 out of 5 stars,6
Marvel's Spider Man (PS4) - Game of the Year Edition (PS4)&WWE 2K20 (PS4),"2,809",5.0 out of 5 stars,5
Need for Speed Payback (PS4)&Marvel's Spider Man (PS4) - Game of the Year Edition (PS4),"2,619",-,-
Marvel's Spider Man (PS4) - Game of the Year Edition (PS4)&Tekken 7 (PS4),"2,620",-,-
PS4 Marvel's Spider-Man: Miles Morales (PS4)&Assassins Creed Valhalla Drakkar Edition (PS4),"6,544",4.7 out of 5 stars,6
Marvel's Spider Man (PS4) - Game of the Year Edition (PS4)&EA Sports FIFA 18 (PS4),"1,870",-,-
PS4 Marvel's Spider-Man: Miles Morales (PS4)&PS4 Uncharted: The Lost Legacy (PS4),"4,278",5.0 out of 5 stars,2
Sony The Last of US Hit (PS4),905,4.6 out of 5 stars,PEGI Rating: Ages 18 and Over
Marvel's Spider Man (PS4) - Game of the Year Edition (PS4) & Uncharted 4: A Thief's End Playstation Hits (PS4) - Newer Version,"2,256",3.4 out of 5 stars,4
PS4 God of War (PS4) & Marvel's Spider Man (PS4) - Game of the Year Edition (PS4) & Horizon: Zero Dawn - Complete Edition (PS4),"3,419",4.1 out of 5 stars,8
Marvel's Spider Man (PS4) - Game of the Year Edition (PS4)&efootball PES 2021 Season Update (PS4),"2,603",-,-
Borderlands 3 (PS4)&Marvel's Spider Man (PS4) - Game of the Year Edition (PS4),"1,960",-,-
Cricket 19 International Edition (PS4)&Marvel's Spider Man (PS4) - Game of the Year Edition (PS4),"3,330",-,-
Marvel's Spider Man (PS4) - Game of the Year Edition (PS4) + The Last of US Hit (PS4),"2,225",-,-
Marvel's Spider Man (PS4) - Game of the Year Edition (PS4) & Days Gone - (PS4),"2,779",5.0 out of 5 stars,1
PS4 Marvel's Spider-Man: Miles Morales (PS4)&Moga XP5-A Plus Bluetooth Controller,"9,357",-,-
UFC 3 (PS4)&Marvel's Spider Man (PS4) - Game of the Year Edition (PS4),"2,964",-,-
Infamous Second Son Hit (PS4)&Marvel's Spider Man (PS4) - Game of the Year Edition (PS4),"2,231",-,-
Marvel's Spider Man (PS4) - Game of the Year Edition (PS4)&PS4 Ghost of Tsushima (PS4),"3,901",5.0 out of 5 stars,5
